model,evaluation,n_folds,accuracy_mean,accuracy_std,precision_mean,precision_std,recall_mean,recall_std,specificity_mean,specificity_std,f1_mean,f1_std,roc_auc_mean,roc_auc_std
CNN,SubjectSpecific,30,0.6133502660861152,0.17043379826296287,0.513726349296723,0.2775565525224155,0.5414360929557008,0.19363704882832414,0.7814952171751666,0.09787538193277723,0.47193958318917867,0.23287480003668365,0.8938786086878885,0.07692273451638891
CNN,LOSOCV,30,0.5375371843992534,0.19355152094432626,0.46395535970853835,0.25725083738269916,0.4962673001731129,0.19578347380615255,0.753335813446617,0.10355222214558978,0.4086685009037177,0.2374564315912433,0.7747892609952546,0.1251502902522766
CNNLSTM,SubjectSpecific,30,0.5452578331768122,0.13640853919093834,0.43574533150674266,0.24948259783779433,0.4572193943059247,0.15271636613767442,0.7377153635781171,0.0836408112679091,0.3835139545511082,0.17996660119279964,0.6732874330855333,0.16992327531832016
CNNLSTM,LOSOCV,30,0.7980576256438324,0.14730944328864895,0.7578675460690183,0.18121766408716947,0.7382202833440091,0.17301651596185105,0.8915869742685293,0.07838487435215816,0.7244764007809684,0.19545191130198653,0.9109655746659912,0.09000818235406043
GRU,SubjectSpecific,30,0.4609490973941585,0.12104047314462175,0.33443137731944905,0.1339988959290441,0.3726630857065639,0.11253817835431583,0.6861828649861152,0.06531964196333094,0.32138367935086126,0.11116958389059511,0.5596546356204697,0.10479745631375069
GRU,LOSOCV,30,0.6104020855262234,0.1697406408453551,0.5924202414497952,0.1481828675922293,0.5591379959793097,0.14601695035333778,0.8002595739124494,0.0862387959106989,0.5181956071454972,0.17761711127782354,0.7823060871923955,0.13549686714462905
