Subject,Model,Accuracy,Precision,Recall,Specificity,F1,ROC-AUC
arthur,SVM,0.9107142857142857,0.8904761904761904,0.9195906432748537,0.9195906432748537,0.9016508605549701,0.9634502923976609
arthur,RandomForest,0.875,0.8723577235772357,0.8347953216374269,0.8347953216374269,0.8496355964710395,0.9707602339181287
arthur,MLP,0.6607142857142857,0.5062893081761006,0.5014619883040935,0.5014619883040935,0.4432234432234432,0.608187134502924
bowo,SVM,0.9285714285714286,0.9285714285714286,0.9307692307692308,0.9307692307692308,0.9284802043422733,0.9820512820512821
bowo,RandomForest,0.9107142857142857,0.9116129032258065,0.908974358974359,0.908974358974359,0.9099967855994857,0.976923076923077
bowo,MLP,0.7678571428571429,0.7761904761904762,0.7602564102564102,0.7602564102564102,0.7617021276595746,0.8653846153846154
doni,SVM,0.9107142857142857,0.8345259391771019,0.9065217391304348,0.9065217391304348,0.8632144601856375,0.9608695652173914
doni,RandomForest,0.875,0.9339622641509434,0.65,0.65,0.6954156954156954,0.9869565217391305
doni,MLP,0.8214285714285714,0.4107142857142857,0.5,0.5,0.45098039215686275,0.5347826086956522
