Subject,Model,Accuracy,Precision,Recall,Specificity,F1,ROC-AUC
arthur,SVM,0.8846153846153846,0.8825806451612904,0.9113060428849903,0.9472222222222223,0.8867542972699697,0.9819606887589344
arthur,RandomForest,0.9102564102564102,0.9278473464519976,0.8801169590643275,0.9444444444444445,0.895924598433559,0.9926088369070825
arthur,MLP,0.8461538461538461,0.8316216216216216,0.8362573099415204,0.9182539682539682,0.8317952996801559,0.9635315139701105
bowo,SVM,0.9487179487179487,0.9555555555555556,0.9555555555555556,0.9743589743589745,0.9523809523809524,0.988049254876178
bowo,RandomForest,0.9487179487179487,0.9555555555555556,0.9555555555555556,0.9743589743589745,0.9523809523809524,0.9942485754985756
bowo,MLP,0.8974358974358975,0.8997424364740706,0.9042735042735043,0.94757326007326,0.9017625187116712,0.9639409379793995
doni,SVM,0.8333333333333334,0.7675782212367578,0.8220026350461133,0.9210434173669468,0.7849111807732498,0.9532948456062268
doni,RandomForest,0.9615384615384616,0.979591836734694,0.9,0.96875,0.9306501547987617,0.9944932864450129
doni,MLP,0.8333333333333334,0.7796451914098973,0.7097496706192358,0.893469887955182,0.7326380564213218,0.9290488230865468
